[{"il":"KARS","ilce":"KAĞIZMAN","mahalle":"1.MEZRA MAH (BULANIK KÖYÜ)","pk":36702},{"il":"KARS","ilce":"KAĞIZMAN","mahalle":"2.MEZRA MAH (BULANIK KÖYÜ)","pk":36702},{"il":"KARS","ilce":"KAĞIZMAN","mahalle":"3,MEZRA MAH (BULANIK KÖYÜ)","pk":36702},{"il":"KARS","ilce":"KAĞIZMAN","mahalle":"AFET EVLERİ MAH (AĞDAM KÖYÜ)","pk":36702},{"il":"KARS","ilce":"KAĞIZMAN","mahalle":"AĞDAM KÖYÜ","pk":36702},{"il":"KARS","ilce":"KAĞIZMAN","mahalle":"AKÇAKALE KÖYÜ","pk":36702},{"il":"KARS","ilce":"KAĞIZMAN","mahalle":"AKÇAY KÖYÜ","pk":36702},{"il":"KARS","ilce":"KAĞIZMAN","mahalle":"AKÖREN KÖYÜ","pk":36702},{"il":"KARS","ilce":"KAĞIZMAN","mahalle":"AKYAYLA KÖYÜ","pk":36702},{"il":"KARS","ilce":"KAĞIZMAN","mahalle":"ALTUNGEDİK KÖYÜ","pk":36702},{"il":"KARS","ilce":"KAĞIZMAN","mahalle":"ARAS MAH (KARAKUŞ KÖYÜ)","pk":36702},{"il":"KARS","ilce":"KAĞIZMAN","mahalle":"AŞAĞI KÜMBET MAH","pk":36700},{"il":"KARS","ilce":"KAĞIZMAN","mahalle":"AŞAĞIDERE MAH","pk":36700},{"il":"KARS","ilce":"KAĞIZMAN","mahalle":"AŞAĞIKARAGÜNEY KÖYÜ","pk":36702},{"il":"KARS","ilce":"KAĞIZMAN","mahalle":"AŞAĞIKARAGÜNEY MEZRASI MAH (AŞAĞIKARAGÜNEY KÖYÜ)","pk":36702},{"il":"KARS","ilce":"KAĞIZMAN","mahalle":"AŞAĞITUT KÖYÜ","pk":36702},{"il":"KARS","ilce":"KAĞIZMAN","mahalle":"BAHÇECİK MAH (ÇİÇEKLİ KÖYÜ)","pk":36702},{"il":"KARS","ilce":"KAĞIZMAN","mahalle":"BAYAM MAH","pk":36700},{"il":"KARS","ilce":"KAĞIZMAN","mahalle":"BULANIK KÖYÜ","pk":36702},{"il":"KARS","ilce":"KAĞIZMAN","mahalle":"BÜCÜKLÜ KÖYÜ","pk":36702},{"il":"KARS","ilce":"KAĞIZMAN","mahalle":"CAMUŞLU KÖYÜ","pk":36702},{"il":"KARS","ilce":"KAĞIZMAN","mahalle":"ÇALLI AFETEVLERİ MAH (ÇALLI KÖYÜ)","pk":36702},{"il":"KARS","ilce":"KAĞIZMAN","mahalle":"ÇALLI BAYAM MAH (ÇALLI KÖYÜ)","pk":36702},{"il":"KARS","ilce":"KAĞIZMAN","mahalle":"ÇALLI MAH (ÇALLI KÖYÜ)","pk":36702},{"il":"KARS","ilce":"KAĞIZMAN","mahalle":"ÇAVUŞLAR MAH (KURUYAYLA KÖYÜ)","pk":36702},{"il":"KARS","ilce":"KAĞIZMAN","mahalle":"ÇAYARASI KÖYÜ","pk":36702},{"il":"KARS","ilce":"KAĞIZMAN","mahalle":"ÇAYBÜK KÖYÜ","pk":36702},{"il":"KARS","ilce":"KAĞIZMAN","mahalle":"ÇENGİLLİ KÖYÜ","pk":36702},{"il":"KARS","ilce":"KAĞIZMAN","mahalle":"ÇENGİLLİ MAH (ÇENGİLLİ KÖYÜ)","pk":36702},{"il":"KARS","ilce":"KAĞIZMAN","mahalle":"ÇEPERLİ KÖYÜ","pk":36702},{"il":"KARS","ilce":"KAĞIZMAN","mahalle":"ÇİÇEKLİ KÖYÜ","pk":36702},{"il":"KARS","ilce":"KAĞIZMAN","mahalle":"ÇİFLİK MAH (KURUYAYLA KÖYÜ)","pk":36702},{"il":"KARS","ilce":"KAĞIZMAN","mahalle":"ÇİLEHANE KÖYÜ","pk":36702},{"il":"KARS","ilce":"KAĞIZMAN","mahalle":"ÇUKURAYVA KÖYÜ","pk":36702},{"il":"KARS","ilce":"KAĞIZMAN","mahalle":"DEĞİRMEN MAH (AYDINKAVAK KÖYÜ)","pk":36702},{"il":"KARS","ilce":"KAĞIZMAN","mahalle":"DEĞİRMENDERE KÖYÜ","pk":36702},{"il":"KARS","ilce":"KAĞIZMAN","mahalle":"DEĞİRMENDERE MAH (TUNÇKAYA KÖYÜ)","pk":36702},{"il":"KARS","ilce":"KAĞIZMAN","mahalle":"DEMİRKAPI MAH (KULOĞLU KÖYÜ)","pk":36702},{"il":"KARS","ilce":"KAĞIZMAN","mahalle":"DENİZGÖLÜ KÖYÜ","pk":36702},{"il":"KARS","ilce":"KAĞIZMAN","mahalle":"DEVEBÜK KÖYÜ","pk":36702},{"il":"KARS","ilce":"KAĞIZMAN","mahalle":"DİBEKKAYA KÖYÜ","pk":36702},{"il":"KARS","ilce":"KAĞIZMAN","mahalle":"DİKTAŞ MAH (AYDINKAVAK KÖYÜ)","pk":36702},{"il":"KARS","ilce":"KAĞIZMAN","mahalle":"DURANLAR KÖYÜ","pk":36702},{"il":"KARS","ilce":"KAĞIZMAN","mahalle":"ESENKIR KÖYÜ","pk":36702},{"il":"KARS","ilce":"KAĞIZMAN","mahalle":"ESENKIR MAH (ESENKIR KÖYÜ)","pk":36702},{"il":"KARS","ilce":"KAĞIZMAN","mahalle":"EVYAPAN KÖYÜ","pk":36702},{"il":"KARS","ilce":"KAĞIZMAN","mahalle":"GÖRECEK KÖYÜ","pk":36702},{"il":"KARS","ilce":"KAĞIZMAN","mahalle":"GÖZLÜCE MAH (YANKIPINAR KÖYÜ)","pk":36702},{"il":"KARS","ilce":"KAĞIZMAN","mahalle":"GÜMÜŞTEPE KÖYÜ","pk":36702},{"il":"KARS","ilce":"KAĞIZMAN","mahalle":"GÜNİNDİ KÖYÜ","pk":36702},{"il":"KARS","ilce":"KAĞIZMAN","mahalle":"GÜNİNDİYAYLASI KÖYÜ","pk":36702},{"il":"KARS","ilce":"KAĞIZMAN","mahalle":"GÜVEN MAH (YANKIPINAR KÖYÜ)","pk":36702},{"il":"KARS","ilce":"KAĞIZMAN","mahalle":"GÜVENDİK KÖYÜ","pk":36702},{"il":"KARS","ilce":"KAĞIZMAN","mahalle":"HAZNEDAR MAH","pk":36700},{"il":"KARS","ilce":"KAĞIZMAN","mahalle":"HİZAN MAH (KULOĞLU KÖYÜ)","pk":36702},{"il":"KARS","ilce":"KAĞIZMAN","mahalle":"KARABAĞ KÖYÜ","pk":36702},{"il":"KARS","ilce":"KAĞIZMAN","mahalle":"KARABONCUK KÖYÜ","pk":36702},{"il":"KARS","ilce":"KAĞIZMAN","mahalle":"KARACAÖREN KÖYÜ","pk":36702},{"il":"KARS","ilce":"KAĞIZMAN","mahalle":"KARAKALE KÖYÜ","pk":36702},{"il":"KARS","ilce":"KAĞIZMAN","mahalle":"KEŞİŞKIRAN KÖYÜ","pk":36702},{"il":"KARS","ilce":"KAĞIZMAN","mahalle":"KEŞİŞKIRAN MAH (KEŞİŞKIRAN KÖYÜ)","pk":36702},{"il":"KARS","ilce":"KAĞIZMAN","mahalle":"KOZLU KÖYÜ","pk":36702},{"il":"KARS","ilce":"KAĞIZMAN","mahalle":"KÖMÜRLÜ KÖYÜ","pk":36702},{"il":"KARS","ilce":"KAĞIZMAN","mahalle":"KÖPRÜBAŞI MAH (AKÇAY KÖYÜ)","pk":36702},{"il":"KARS","ilce":"KAĞIZMAN","mahalle":"KÖPRÜBAŞI MAH (AYDINKAVAK KÖYÜ)","pk":36702},{"il":"KARS","ilce":"KAĞIZMAN","mahalle":"KÖRPINAR KÖYÜ","pk":36702},{"il":"KARS","ilce":"KAĞIZMAN","mahalle":"KÖTEK KÖYÜ","pk":36702},{"il":"KARS","ilce":"KAĞIZMAN","mahalle":"KÖYİÇİ MAH (AYDINKAVAK KÖYÜ)","pk":36702},{"il":"KARS","ilce":"KAĞIZMAN","mahalle":"KULOĞLU KÖYÜ","pk":36702},{"il":"KARS","ilce":"KAĞIZMAN","mahalle":"KURUYAYLA KÖYÜ","pk":36702},{"il":"KARS","ilce":"KAĞIZMAN","mahalle":"MERKEZ MAH (DONANDI KÖYÜ)","pk":36702},{"il":"KARS","ilce":"KAĞIZMAN","mahalle":"MERKEZ MAH (KARAKUŞ KÖYÜ)","pk":36702},{"il":"KARS","ilce":"KAĞIZMAN","mahalle":"ORTAKÖY KÖYÜ","pk":36702},{"il":"KARS","ilce":"KAĞIZMAN","mahalle":"PASLI KÖYÜ","pk":36702},{"il":"KARS","ilce":"KAĞIZMAN","mahalle":"PINAR GÖZE MAH (CAMUŞLU KÖYÜ)","pk":36702},{"il":"KARS","ilce":"KAĞIZMAN","mahalle":"RIZVAN MAH (GÜNİNDİ KÖYÜ)","pk":36702},{"il":"KARS","ilce":"KAĞIZMAN","mahalle":"SAĞBAŞ KÖYÜ","pk":36702},{"il":"KARS","ilce":"KAĞIZMAN","mahalle":"SEKSEN MAH (ŞABAN KÖYÜ)","pk":36702},{"il":"KARS","ilce":"KAĞIZMAN","mahalle":"SESVEREN KÖYÜ","pk":36702},{"il":"KARS","ilce":"KAĞIZMAN","mahalle":"ŞABAN KÖYÜ","pk":36702},{"il":"KARS","ilce":"KAĞIZMAN","mahalle":"ŞAHİNDERE MAH","pk":36700},{"il":"KARS","ilce":"KAĞIZMAN","mahalle":"TAB MAH (KARAKALE KÖYÜ)","pk":36702},{"il":"KARS","ilce":"KAĞIZMAN","mahalle":"TAŞBİLEK KÖYÜ","pk":36702},{"il":"KARS","ilce":"KAĞIZMAN","mahalle":"TAŞBURUN AFET EVLERİ MAH (TAŞBURUN KÖYÜ)","pk":36702},{"il":"KARS","ilce":"KAĞIZMAN","mahalle":"TAŞBURUN KÖYÜ","pk":36702},{"il":"KARS","ilce":"KAĞIZMAN","mahalle":"TEK EVLER MAH (ALTUNGEDİK KÖYÜ)","pk":36702},{"il":"KARS","ilce":"KAĞIZMAN","mahalle":"TOMRUKTAŞ KÖYÜ","pk":36702},{"il":"KARS","ilce":"KAĞIZMAN","mahalle":"TOPRAKKALE MAH","pk":36700},{"il":"KARS","ilce":"KAĞIZMAN","mahalle":"TUNÇKAYA KÖYÜ","pk":36702},{"il":"KARS","ilce":"KAĞIZMAN","mahalle":"TUT MAH (KULOĞLU KÖYÜ)","pk":36702},{"il":"KARS","ilce":"KAĞIZMAN","mahalle":"ÜRKER KÖYÜ","pk":36702},{"il":"KARS","ilce":"KAĞIZMAN","mahalle":"YAĞLICA KÖYÜ","pk":36702},{"il":"KARS","ilce":"KAĞIZMAN","mahalle":"YALNIZAĞAÇ KÖYÜ","pk":36702},{"il":"KARS","ilce":"KAĞIZMAN","mahalle":"YANKIPINAR KÖYÜ","pk":36702},{"il":"KARS","ilce":"KAĞIZMAN","mahalle":"YELLİKIRAN KÖYÜ","pk":36702},{"il":"KARS","ilce":"KAĞIZMAN","mahalle":"YENİCE KÖYÜ","pk":36702},{"il":"KARS","ilce":"KAĞIZMAN","mahalle":"YOLKORUR KÖYÜ","pk":36702},{"il":"KARS","ilce":"KAĞIZMAN","mahalle":"YUKARI DERE MAH","pk":36700},{"il":"KARS","ilce":"KAĞIZMAN","mahalle":"YUKARI DONANDI MAH (DONANDI KÖYÜ)","pk":36702},{"il":"KARS","ilce":"KAĞIZMAN","mahalle":"YUKARI KÜMBET MAH","pk":36700},{"il":"KARS","ilce":"KAĞIZMAN","mahalle":"YUKARIGÜNEY KARA MAH (YUKARIKARAGÜNEY KÖYÜ)","pk":36702},{"il":"KARS","ilce":"KAĞIZMAN","mahalle":"YUKARIKARAGÜNEY KÖYÜ","pk":36702},{"il":"KARS","ilce":"KAĞIZMAN","mahalle":"ZUVAR MAH","pk":36700}]