[{"il":"ŞIRNAK","ilce":"CİZRE","mahalle":"ALİ BEY MAH","pk":73200},{"il":"ŞIRNAK","ilce":"CİZRE","mahalle":"AŞAĞIÇEŞME MAH (AŞAĞIÇEŞME KÖYÜ)","pk":73202},{"il":"ŞIRNAK","ilce":"CİZRE","mahalle":"AŞAĞIKONAK KÖYÜ","pk":73202},{"il":"ŞIRNAK","ilce":"CİZRE","mahalle":"BAĞLARBAŞI KÖYÜ","pk":73202},{"il":"ŞIRNAK","ilce":"CİZRE","mahalle":"BOZALAN KÖYÜ","pk":73202},{"il":"ŞIRNAK","ilce":"CİZRE","mahalle":"CİZRE OSB MAH","pk":73200},{"il":"ŞIRNAK","ilce":"CİZRE","mahalle":"CUDİ MAH","pk":73200},{"il":"ŞIRNAK","ilce":"CİZRE","mahalle":"ÇAĞIL MERKEZ MAH (ÇAĞIL KÖYÜ)","pk":73202},{"il":"ŞIRNAK","ilce":"CİZRE","mahalle":"ÇATAL KÖYÜ","pk":73202},{"il":"ŞIRNAK","ilce":"CİZRE","mahalle":"ÇAVUŞ KÖYÜ","pk":73202},{"il":"ŞIRNAK","ilce":"CİZRE","mahalle":"DAĞ KAPI MAH","pk":73200},{"il":"ŞIRNAK","ilce":"CİZRE","mahalle":"DİCLE MAH","pk":73200},{"il":"ŞIRNAK","ilce":"CİZRE","mahalle":"DİRSEKLİ KÖYÜ","pk":73202},{"il":"ŞIRNAK","ilce":"CİZRE","mahalle":"DÜZOVA KÖYÜ","pk":73202},{"il":"ŞIRNAK","ilce":"CİZRE","mahalle":"ERDEM KÖYÜ","pk":73202},{"il":"ŞIRNAK","ilce":"CİZRE","mahalle":"GİRİKOVA MAH (BOZALAN KÖYÜ)","pk":73202},{"il":"ŞIRNAK","ilce":"CİZRE","mahalle":"GÜÇLÜ KÖYÜ","pk":73202},{"il":"ŞIRNAK","ilce":"CİZRE","mahalle":"GÜRSU KÖYÜ","pk":73202},{"il":"ŞIRNAK","ilce":"CİZRE","mahalle":"HAVUZLU KÖYÜ","pk":73202},{"il":"ŞIRNAK","ilce":"CİZRE","mahalle":"İNCİ MAH (BOZALAN KÖYÜ)","pk":73202},{"il":"ŞIRNAK","ilce":"CİZRE","mahalle":"İSAĞA MAH (DİRSEKLİ KÖYÜ)","pk":73202},{"il":"ŞIRNAK","ilce":"CİZRE","mahalle":"KALE MAH","pk":73200},{"il":"ŞIRNAK","ilce":"CİZRE","mahalle":"KATRAN KÖYÜ","pk":73202},{"il":"ŞIRNAK","ilce":"CİZRE","mahalle":"KAYA KÖYÜ","pk":73202},{"il":"ŞIRNAK","ilce":"CİZRE","mahalle":"KEBELİ KÖYÜ","pk":73202},{"il":"ŞIRNAK","ilce":"CİZRE","mahalle":"KERUH KÖYÜ","pk":73202},{"il":"ŞIRNAK","ilce":"CİZRE","mahalle":"KİRİŞ MAH (BOZALAN KÖYÜ)","pk":73202},{"il":"ŞIRNAK","ilce":"CİZRE","mahalle":"KOCAPINAR KÖYÜ","pk":73202},{"il":"ŞIRNAK","ilce":"CİZRE","mahalle":"KOÇTEPE KÖYÜ","pk":73202},{"il":"ŞIRNAK","ilce":"CİZRE","mahalle":"KOLGEZER MAH (GÜÇLÜ KÖYÜ)","pk":73202},{"il":"ŞIRNAK","ilce":"CİZRE","mahalle":"KONAK MAH","pk":73200},{"il":"ŞIRNAK","ilce":"CİZRE","mahalle":"KONUTLAR MAH (DİRSEKLİ KÖYÜ)","pk":73202},{"il":"ŞIRNAK","ilce":"CİZRE","mahalle":"KORUCU KÖYÜ","pk":73202},{"il":"ŞIRNAK","ilce":"CİZRE","mahalle":"KURTULUŞ MERKEZ MAH (KURTULUŞ KÖYÜ)","pk":73202},{"il":"ŞIRNAK","ilce":"CİZRE","mahalle":"KUŞTEPE KÖYÜ","pk":73202},{"il":"ŞIRNAK","ilce":"CİZRE","mahalle":"MİRHASEN MAH (ÇATAL KÖYÜ)","pk":73202},{"il":"ŞIRNAK","ilce":"CİZRE","mahalle":"NUR MAH","pk":73200},{"il":"ŞIRNAK","ilce":"CİZRE","mahalle":"ÖRENCİK MAH (KORUCU KÖYÜ)","pk":73202},{"il":"ŞIRNAK","ilce":"CİZRE","mahalle":"REŞMİL MAH (KAYA KÖYÜ)","pk":73202},{"il":"ŞIRNAK","ilce":"CİZRE","mahalle":"SEYRANTEPE MAH (BOZALAN KÖYÜ)","pk":73202},{"il":"ŞIRNAK","ilce":"CİZRE","mahalle":"SİYAHTEPE MAH (KORUCU KÖYÜ)","pk":73202},{"il":"ŞIRNAK","ilce":"CİZRE","mahalle":"SULAK KÖYÜ","pk":73202},{"il":"ŞIRNAK","ilce":"CİZRE","mahalle":"SUR MAH","pk":73200},{"il":"ŞIRNAK","ilce":"CİZRE","mahalle":"ŞABANİ MAH (KOÇTEPE KÖYÜ)","pk":73202},{"il":"ŞIRNAK","ilce":"CİZRE","mahalle":"ŞAH MAH","pk":73200},{"il":"ŞIRNAK","ilce":"CİZRE","mahalle":"TAŞHÖYÜK KÖYÜ","pk":73202},{"il":"ŞIRNAK","ilce":"CİZRE","mahalle":"TEPEÖNÜ KÖYÜ","pk":73202},{"il":"ŞIRNAK","ilce":"CİZRE","mahalle":"UĞUR KÖYÜ","pk":73202},{"il":"ŞIRNAK","ilce":"CİZRE","mahalle":"ULAŞ KÖYÜ","pk":73202},{"il":"ŞIRNAK","ilce":"CİZRE","mahalle":"VARLIK KÖYÜ","pk":73202},{"il":"ŞIRNAK","ilce":"CİZRE","mahalle":"YAFES MAH","pk":73200},{"il":"ŞIRNAK","ilce":"CİZRE","mahalle":"YAKACIK KÖYÜ","pk":73202},{"il":"ŞIRNAK","ilce":"CİZRE","mahalle":"YAKACIK MAH (YAKACIK KÖYÜ)","pk":73202},{"il":"ŞIRNAK","ilce":"CİZRE","mahalle":"YALINTEPE KÖYÜ","pk":73202},{"il":"ŞIRNAK","ilce":"CİZRE","mahalle":"YEŞİLYURT KÖYÜ","pk":73202},{"il":"ŞIRNAK","ilce":"CİZRE","mahalle":"YUKARIÇEŞME MEZRASI MAH (YEŞİLYURT KÖYÜ)","pk":73202},{"il":"ŞIRNAK","ilce":"CİZRE","mahalle":"YUKARIKONAK MAH (BOZALAN KÖYÜ)","pk":73202},{"il":"ŞIRNAK","ilce":"CİZRE","mahalle":"ZURAN MAH (DİRSEKLİ KÖYÜ)","pk":73202}]